agency_id,route_id,shape_id,stop_sequence,stop_code,stop_name,stop_desc,stop_lat,stop_lon,zone_id,stop_url,location_type,parent_station,stop_timezone,wheelchair_boarding,arrival_offset,departure_offset,stop_headsign,pickup_type,drop_off_type,shape_dist_traveled
cr_transit,R01,S01,1,,Ground Transportation Center,concrete pad,41.97541986,-91.66662092,,,,,,,00:00:00,00:00:00,,,,
cr_transit,R01,S01,2,,2nd Ave Bridge @ City Hall,concrete pad,41.97711492,-91.66933234,,,,,,,,,,,,
cr_transit,R01,S01,3,,2nd Ave Bridge @ Vets. Memorial,concrete pad,41.97645829,-91.67062766,,,,,,,,,,,,
cr_transit,R01,S01,4,,2nd Ave & 2nd St,corner sidewalk,41.9752518,-91.67369988,,,,,,,,,,,,
cr_transit,R01,S01,5,,2nd Ave & L St,concrete pad,41.9743023,-91.67636004,,,,,,,,,,,,
cr_transit,R01,S01,6,,2nd Ave & 7th St,corner sidewalk,41.97299111,-91.68008954,,,,,,,,,,,,
cr_transit,R01,S01,7,,2nd Ave & 9th St RR tracks,gravel to sidewalk,41.97205248,-91.68273151,,,,,,,,,,,,
cr_transit,R01,S01,8,,10th St & 1st Ave,concrete pad,41.9724975,-91.6843637,,,,,,,,,,,,
cr_transit,R01,S01,9,,10th St & B Ave,concrete pad,41.97496887,-91.68551864,,,,,,,,,,,,
cr_transit,R01,S01,10,,10th St & C Ave (Salvation Army),corner sidewalk,41.97603994,-91.68552455,,,,,,,,,,,,
cr_transit,R01,S01,11,,10th St & E Ave,corner sidewalk,41.97793744,-91.68552369,,,,,,,00:07:00,00:07:00,,,,
cr_transit,R01,S01,12,,E Ave & 13th St,corner sidewalk,41.97817271,-91.68926397,,,,,,,,,,,,
cr_transit,R01,S01,13,,15th St & F Ave,grass to sidewalk,41.97886025,-91.691252,,,,,,,,,,,,
cr_transit,R01,S01,14,,F Ave & 10th St,corner sidewalk,41.97898497,-91.6862863,,,,,,,,,,,,
cr_transit,R01,S01,15,,F Ave & 8th St,corner sidewalk,41.97895184,-91.68349498,,,,,,,,,,,,
cr_transit,R01,S01,16,,Ellis Blvd & G Ave,corner sidewalk,41.98015443,-91.68184307,,,,,,,,,,,,
cr_transit,R01,S01,17,,Ellis Blvd & I Ave,corner sidewalk,41.98156521,-91.68194565,,,,,,,,,,,,
cr_transit,R01,S01,18,,Ellis Blvd & K Ave,concrete pad,41.98404389,-91.68194784,,,,,,,,,,,,
cr_transit,R01,S01,19,,Ellis Blvd & L Ave,corner sidewalk,41.98527949,-91.68201349,,,,,,,,,,,,
cr_transit,R01,S01,20,,Ellis Blvd & M Ave,corner sidewalk,41.98666354,-91.68202413,,,,,,,,,,,,
cr_transit,R01,S01,21,,Ellis Blvd & O Ave,corner sidewalk,41.98889138,-91.68207412,,,,,,,00:13:00,00:13:00,,,,
cr_transit,R01,S01,22,,O Ave & 9th St,grass to sidewalk,41.9890977,-91.68463305,,,,,,,,,,,,
cr_transit,R01,S01,23,,O Ave & 11th St,corner sidewalk,41.98913846,-91.68717881,,,,,,,,,,,,
cr_transit,R01,S01,24,,O Ave & 13th St (far-side),"grass, no sidewalk",41.98909159,-91.68961211,,,,,,,,,,,,
cr_transit,R01,S01,25,,O Ave & 16th St,"grass, no sidewalk",41.98911831,-91.69389881,,,,,,,,,,,,
cr_transit,R01,S01,26,,O Ave & 18th St,corner sidewalk,41.98916582,-91.69665675,,,,,,,,,,,,
cr_transit,R01,S01,27,,O Ave & 21st St,grass to sidewalk,41.98919039,-91.70022494,,,,,,,,,,,,
cr_transit,R01,S01,28,,O Ave & 23rd St,grass to sidewalk,41.98923113,-91.70271641,,,,,,,,,,,,
cr_transit,R01,S01,29,,O Ave & 26th St,grass to sidewalk,41.98925016,-91.70594623,,,,,,,,,,,,
cr_transit,R01,S01,30,,2804 O Ave,grass to sidewalk,41.98928597,-91.70903824,,,,,,,,,,,,
cr_transit,R01,S01,31,,O Ave @ Imperial Apts,corner sidewalk,41.98929234,-91.71040621,,,,,,,,,,,,
cr_transit,R01,S01,32,,O Ave & Hillside Dr,grass to sidewalk,41.98932998,-91.71242863,,,,,,,00:17:00,00:17:00,,,,
cr_transit,R01,S01,33,,Edgewood Rd @ Westgate Apts,grass to sidewalk,41.98611455,-91.71610796,,,,,,,,,,,,
cr_transit,R01,S01,34,,Edgewood Rd & Crestwood Dr,"grass, no sidewalk",41.98394422,-91.71618039,,,,,,,,,,,,
cr_transit,R01,S01,35,,Edgewood Rd & H Ave,"grass, no sidewalk",41.9812345,-91.71611504,,,,,,,,,,,,
cr_transit,R01,S01,36,,Edgewood Rd & Sunnydale St,corner sidewalk,41.9791526,-91.71611928,,,,,,,,,,,,
cr_transit,R01,S01,37,,390 Edgewood Rd (Burger King),grass to sidewalk,41.97669895,-91.71616356,,,,,,,,,,,,
cr_transit,R01,S01,38,,Edgewood Rd & Johnson Ave,grass to sidewalk,41.97478575,-91.71613234,,,,,,,,,,,,
cr_transit,R01,S01,39,,Edgewood Rd & Dennis Dr,grass to sidewalk,41.97149703,-91.71616664,,,,,,,,,,,,
cr_transit,R01,S01,40,,Edgewood Rd & 1st Ave,grass to sidewalk,41.96763736,-91.71619361,,,,,,,,,,,,
cr_transit,R01,S01,41,,Edgewood Rd & 16th Ave,grass to sidewalk,41.96380632,-91.71631664,,,,,,,,,,,,
cr_transit,R01,S01,42,,3750 16th Ave,grass to sidewalk,41.96384577,-91.72017522,,,,,,,,,,,,
cr_transit,R01,S01,43,,16th Ave & Wiley Blvd,concrete pad,41.96392071,-91.72570992,,,,,,,,,,,,
cr_transit,R01,S01,44,,12th Ave & Wiley Blvd (far-side) (IBEW),"grass, no sidewalk",41.96560445,-91.72534653,,,,,,,00:23:00,00:23:00,,,,
cr_transit,R01,S01,45,,12th Ave & Clive Dr,concrete pad,41.96557062,-91.7223036,,,,,,,,,,,,
cr_transit,R01,S01,46,,3665 12th Ave,grass to sidewalk,41.96557604,-91.72024023,,,,,,,,,,,,
cr_transit,R01,S01,47,,12th Ave & Auburn Dr (far-side),concrete pad,41.96556763,-91.71805544,,,,,,,,,,,,
cr_transit,R01,S01,48,,Edgewood Rd & 1st Ave,grass to sidewalk,41.96747784,-91.71586283,,,,,,,,,,,,
cr_transit,R01,S01,49,,Edgewood Rd & Susan Dr,grass to sidewalk,41.97207088,-91.7158612,,,,,,,,,,,,
cr_transit,R01,S01,50,,Edgewood Rd & Johnson Ave,corner sidewalk,41.97430411,-91.71589089,,,,,,,,,,,,
cr_transit,R01,S01,51,,Edgewood Rd @ Edgewood Plaza,grass to sidewalk,41.97651876,-91.71581867,,,,,,,,,,,,
cr_transit,R01,S01,52,,Edgewood Rd & E Ave,grass to sidewalk,41.97820618,-91.71579259,,,,,,,,,,,,
cr_transit,R01,S01,53,,Edgewood Rd & F Ave (Casey's),"grass, no sidewalk",41.98000449,-91.71574561,,,,,,,,,,,,
cr_transit,R01,S01,54,,Edgewood Rd & H Ave,"grass, no sidewalk",41.98136751,-91.71575814,,,,,,,,,,,,
cr_transit,R01,S01,55,,Edgewood Rd & Waveland Dr,"grass, no sidewalk",41.98309564,-91.7158203,,,,,,,,,,,,
cr_transit,R01,S01,56,,Edgewood Rd & Westwood Dr,"grass, no sidewalk",41.98595521,-91.71585032,,,,,,,,,,,,
cr_transit,R01,S01,57,,Edgewood Rd & O Ave,corner sidewalk,41.98920563,-91.71529744,,,,,,,00:29:00,00:29:00,,,,
cr_transit,R01,S01,58,,O Ave & Hillside Dr,grass to sidewalk,41.98914514,-91.71275959,,,,,,,,,,,,
cr_transit,R01,S01,59,,O Ave & Blanche Dr,corner sidewalk,41.98911532,-91.71030138,,,,,,,,,,,,
cr_transit,R01,S01,60,,2801 O Ave,grass to sidewalk,41.9890908,-91.70895048,,,,,,,,,,,,
cr_transit,R01,S01,61,,O Ave & 26th St,corner sidewalk,41.98905614,-91.70613695,,,,,,,,,,,,
cr_transit,R01,S01,62,,O Ave & Highwood Dr,grass to sidewalk,41.98906581,-91.70199839,,,,,,,,,,,,
cr_transit,R01,S01,63,,O Ave across from 20th St,"grass, no sidewalk",41.98899338,-91.69923712,,,,,,,,,,,,
cr_transit,R01,S01,64,,1725 O Ave  (Milestones),concrete pad,41.98891322,-91.69632016,,,,,,,,,,,,
cr_transit,R01,S01,65,,O Ave & 16th St,grass to sidewalk,41.9889903,-91.69390258,,,,,,,,,,,,
cr_transit,R01,S01,66,,O Ave across from 13th St,"grass, no sidewalk",41.98900798,-91.68958131,,,,,,,,,,,,
cr_transit,R01,S01,67,,O Ave & 11th St,"grass, no sidewalk",41.98893693,-91.68720162,,,,,,,,,,,,
cr_transit,R01,S01,68,,O Ave & 9th St,"grass, no sidewalk",41.98892713,-91.68469385,,,,,,,,,,,,
cr_transit,R01,S01,69,,O Ave & Ellis Blvd,corner sidewalk,41.98888412,-91.6823235,,,,,,,00:34:00,00:34:00,,,,
cr_transit,R01,S01,70,,Ellis Blvd & M Ave,corner sidewalk,41.98685289,-91.68224472,,,,,,,,,,,,
cr_transit,R01,S01,71,,Ellis Blvd & L Ave,corner sidewalk,41.98545151,-91.68221805,,,,,,,,,,,,
cr_transit,R01,S01,72,,Ellis Blvd & K Ave,corner sidewalk,41.98418617,-91.68220662,,,,,,,,,,,,
cr_transit,R01,S01,73,,Ellis Blvd & I Ave,grass to sidewalk,41.98178394,-91.68217049,,,,,,,,,,,,
cr_transit,R01,S01,74,,Ellis Blvd & G Ave,corner sidewalk,41.98016138,-91.68216936,,,,,,,,,,,,
cr_transit,R01,S01,75,,F Ave & 8th St,corner sidewalk,41.97915693,-91.6832712,,,,,,,,,,,,
cr_transit,R01,S01,76,,F Ave & 10th St,corner sidewalk,41.97920842,-91.68603817,,,,,,,,,,,,
cr_transit,R01,S01,77,,F Ave & 13th St,corner sidewalk,41.97925244,-91.68923644,,,,,,,,,,,,
cr_transit,R01,S01,78,,1500 15th St,"grass, no sidewalk",41.97867212,-91.69148112,,,,,,,,,,,,
cr_transit,R01,S01,79,,E Ave & 13th St (Roosevelt School),corner sidewalk,41.9780017,-91.68951125,,,,,,,,,,,,
cr_transit,R01,S01,80,,E Ave & 11th St  (Abbe Center),concrete pad,41.9779938,-91.68711593,,,,,,,00:39:00,00:39:00,,,,
cr_transit,R01,S01,81,,10th St & C Ave  (Salvation Army),concrete pad,41.9761067,-91.68576856,,,,,,,,,,,,
cr_transit,R01,S01,82,,10th St & B Ave,corner sidewalk,41.97498591,-91.68579871,,,,,,,,,,,,
cr_transit,R01,S01,83,,10th St & A Ave,corner sidewalk,41.97356417,-91.68530011,,,,,,,,,,,,
cr_transit,R01,S01,84,,903 1st Ave (Family Dollar),concrete pad,41.97272949,-91.68365341,,,,,,,,,,,,
cr_transit,R01,S01,85,,1st Ave & 6th St,corner sidewalk,41.97413825,-91.67960482,,,,,,,,,,,,
cr_transit,R01,S01,86,,1st Ave & 5th St,corner sidewalk,41.97455255,-91.67831484,,,,,,,,,,,,
cr_transit,R01,S01,87,,1st Ave & L St,corner sidewalk,41.97493257,-91.67709364,,,,,,,,,,,,
cr_transit,R01,S01,88,,1st Ave & 2nd St,corner sidewalk,41.97595114,-91.6745016,,,,,,,,,,,,
cr_transit,R01,S01,89,,1st St & 2nd Ave,corner sidewalk,41.97563013,-91.67268848,,,,,,,,,,,,
cr_transit,R01,S01,90,,1st St & 4th Ave,corner sidewalk,41.97374907,-91.67146327,,,,,,,,,,,,
cr_transit,R01,S01,91,,1st St & 6th Ave,corner sidewalk,41.97187096,-91.6702438,,,,,,,,,,,,
cr_transit,R01,S01,92,,7th Ave & 1st St,corner sidewalk,41.97317487,-91.66459051,,,,,,,,,,,,
cr_transit,R01,S01,93,,Ground Transportation Center,concrete pad,41.97541986,-91.66662092,,,,,,,00:50:00,00:50:00,,,,
cr_transit,R03,S03,1,,GTC,concrete pad,41.97544304,-91.66664448,,,,,,,00:00:00,00:00:00,,,,
cr_transit,R03,S03,2,,3rd Ave & RR tracks,concrete pad,41.97810034,-91.66478407,,,,,,,,,,,,
cr_transit,R03,S03,3,,3rd Ave & 6th St,corner sidewalk,41.97933479,-91.66246985,,,,,,,,,,,,
cr_transit,R03,S03,4,,3rd Ave & 8th St,concrete pad,41.98065453,-91.66029966,,,,,,,,,,,,
cr_transit,R03,S03,5,,3rd Ave & 10th St,concrete pad,41.98180651,-91.65816679,,,,,,,,,,,,
cr_transit,R03,S03,6,,3rd Ave & 12th St,corner sidewalk,41.98306161,-91.65605748,,,,,,,,,,,,
cr_transit,R03,S03,7,,3rd Ave & Bever Ave,corner sidewalk,41.9845971,-91.65330003,,,,,,,,,,,,
cr_transit,R03,S03,8,,3rd Ave & 15th St,corner sidewalk,41.98623513,-91.65053553,,,,,,,,,,,,
cr_transit,R03,S03,9,,3rd Ave & Grande Ave,grass to sidewalk,41.98797064,-91.64752726,,,,,,,,,,,,
cr_transit,R03,S03,10,,3rd Ave & 18th St,grass to sidewalk,41.98972733,-91.64461125,,,,,,,00:06:00,00:06:00,,,,
cr_transit,R03,S03,11,,19th St & 2nd Ave,concrete pad,41.99184602,-91.64314027,,,,,,,,,,,,
cr_transit,R03,S03,12,,19th St between 1st Ave & A Ave,grass to sidewalk,41.9931136,-91.64443484,,,,,,,,,,,,
cr_transit,R03,S03,13,,19th St & B Ave,corner sidewalk,41.99438792,-91.64578959,,,,,,,,,,,,
cr_transit,R03,S03,14,,B Ave & 20th St,corner sidewalk,41.99628524,-91.64266106,,,,,,,,,,,,
cr_transit,R03,S03,15,,20th St across from C Ave  (Franklin School),concrete pad,41.99743579,-91.64317259,,,,,,,,,,,,
cr_transit,R03,S03,16,,20th St & D Ave,grass to sidewalk,41.99810626,-91.64404682,,,,,,,,,,,,
cr_transit,R03,S03,17,,20th St & F Ave,grass to sidewalk,42.0000267,-91.64552779,,,,,,,,,,,,
cr_transit,R03,S03,18,,Prairie Dr & Franklin Ave,corner sidewalk,42.00135191,-91.64613122,,,,,,,00:10:00,00:10:00,,,,
cr_transit,R03,S03,19,,Franklin Ave & 25th St,grass to sidewalk,42.0033937,-91.64300015,,,,,,,,,,,,
cr_transit,R03,S03,20,,Franklin Ave & 27th St,corner sidewalk,42.00442015,-91.64148293,,,,,,,,,,,,
cr_transit,R03,S03,21,,Lindale Dr & 29th St,"grass, no sidewalk",42.00616965,-91.64178762,,,,,,,,,,,,
cr_transit,R03,S03,22,,Lindale Dr across from Staub Ct,"grass, no sidewalk",42.00724036,-91.64188604,,,,,,,,,,,,
cr_transit,R03,S03,23,,Lindale Dr & 32nd St,corner sidewalk,42.00983296,-91.64185003,,,,,,,,,,,,
cr_transit,R03,S03,24,,E Ave & 33rd St,corner sidewalk,42.01095217,-91.64084066,,,,,,,,,,,,
cr_transit,R03,S03,25,,E Ave & 35th St,corner sidewalk,42.01336765,-91.64083252,,,,,,,,,,,,
cr_transit,R03,S03,26,,E Ave & 37th St,"grass, no sidewalk",42.01587719,-91.6408216,,,,,,,,,,,,
cr_transit,R03,S03,27,,E Ave & 38th St,grass to sidewalk,42.01711808,-91.64085715,,,,,,,,,,,,
cr_transit,R03,S03,28,,E Ave & 40th St,"grass, no sidewalk",42.01940478,-91.64071755,,,,,,,,,,,,
cr_transit,R03,S03,29,,E Ave & 42nd St,"grass, no sidewalk",42.02131924,-91.64076625,,,,,,,00:16:00,00:16:00,,,,
cr_transit,R03,S03,30,,F Ave across from 43rd St,"grass, no sidewalk",42.02244298,-91.64334526,,,,,,,,,,,,
cr_transit,R03,S03,31,,F Ave & Old Marion Rd,"grass, no sidewalk",42.02474676,-91.6432902,,,,,,,,,,,,
cr_transit,R03,S03,32,,F Ave across from Gateway St,"grass, no sidewalk",42.02691651,-91.64325239,,,,,,,,,,,,
cr_transit,R03,S03,33,,Rockwell Collins (light post #3 near the shelter),concrete pad,42.03078652,-91.64329177,,,,,,,,,,,,
cr_transit,R03,S03,34,,Rockwell Collins (1st Stop Sign),concrete pad,42.03103967,-91.64653124,,,,,,,,,,,,
cr_transit,R03,S03,35,,Rockwell Collins @ Rockwell Dr,"grass, no sidewalk",42.03103024,-91.64887084,,,,,,,,,,,,
cr_transit,R03,S03,36,,Park Place @ Mainstay Suites Driveway,concrete pad,42.03030676,-91.64950568,,,,,,,,,,,,
cr_transit,R03,S03,37,,Park Place @ Baymont Inns & Suites,concrete pad,42.03038003,-91.65341514,,,,,,,,,,,,
cr_transit,R03,S03,38,,Park Pl across from Duffy Dr  (Mercy Health Plaza),concrete pad,42.03041403,-91.65652715,,,,,,,,,,,,
cr_transit,R03,S03,39,,Council St across from Midland Ct  (Galaxy Theatres),grass to sidewalk,42.03179983,-91.6580786,,,,,,,,,,,,
cr_transit,R03,S03,40,,5520 Council St  (Goodwill),concrete pad,42.03430681,-91.6581926,,,,,,,,,,,,
cr_transit,R03,S03,41,,Council St & 60th St,concrete pad,42.03802848,-91.6581971,,,,,,,00:23:00,00:23:00,,,,
cr_transit,R03,S03,42,,1351 6th St (Johnson Controls),"grass, no sidewalk",42.03801203,-91.65609296,,,,,,,,,,,,
cr_transit,R03,S03,43,,Dry Creek Ln & Cimmie Ave,"grass, no sidewalk",42.03733001,-91.6554705,,,,,,,,,,,,
cr_transit,R03,S03,44,,Cimmie Ave @ Target driveway,grass to sidewalk,42.03690496,-91.65336658,,,,,,,,,,,,
cr_transit,R03,S03,45,,Cimmie Ave & Rockwell Dr (Sedlacek),"grass, no sidewalk",42.03839565,-91.64879393,,,,,,,,,,,,
cr_transit,R03,S03,46,,Rockwell Dr @ Target driveway,grass to sidewalk,42.03666281,-91.64908926,,,,,,,,,,,,
cr_transit,R03,S03,47,,Rockwell Dr & Blairs Ferry Rd,grass to sidewalk,42.03539273,-91.64939185,,,,,,,,,,,,
cr_transit,R03,S03,48,,5265 Rockwell Dr (Trapeze),concrete pad,42.03298648,-91.64929576,,,,,,,,,,,,
cr_transit,R03,S03,49,,Rockwell Dr & Rockwell Inventory Disposal,"grass, no sidewalk",42.03142393,-91.64921718,,,,,,,,,,,,
cr_transit,R03,S03,50,,Rockwell stop #1 (Rockwell Fitness Center),"grass, no sidewalk",42.03079241,-91.6468866,,,,,,,,,,,,
cr_transit,R03,S03,51,,Rockwell stop #2 (intersection with F Ave extension),concrete pad,42.03076802,-91.64362571,,,,,,,,,,,,
cr_transit,R03,S03,52,,F Ave & Gateway St,"grass, no sidewalk",42.02697612,-91.64354273,,,,,,,,,,,,
cr_transit,R03,S03,53,,F Ave & Old Marion Rd,corner sidewalk,42.02491764,-91.64354454,,,,,,,,,,,,
cr_transit,R03,S03,54,,F Ave & 43rd St,"grass, no sidewalk",42.02263638,-91.6436094,,,,,,,,,,,,
cr_transit,R03,S03,55,,42nd St & E Ave,"grass, no sidewalk",42.02137145,-91.64108025,,,,,,,00:30:00,00:30:00,,,,
cr_transit,R03,S03,56,,E Ave & 40th St,"grass, no sidewalk",42.01973988,-91.64106527,,,,,,,,,,,,
cr_transit,R03,S03,57,,E Ave & 38th St,corner sidewalk,42.01741848,-91.64107063,,,,,,,,,,,,
cr_transit,R03,S03,58,,E Ave & 37th St,corner sidewalk,42.01560015,-91.64114529,,,,,,,,,,,,
cr_transit,R03,S03,59,,E Ave & 35th St,corner sidewalk,42.0137808,-91.64115687,,,,,,,,,,,,
cr_transit,R03,S03,60,,E Ave & 33rd St,corner sidewalk,42.01130192,-91.6411248,,,,,,,,,,,,
cr_transit,R03,S03,61,,Lindale Ave & 32nd St (far-side),grass to sidewalk,42.00937538,-91.64212686,,,,,,,,,,,,
cr_transit,R03,S03,62,,Lindale Ave & Tiffany Dr,grass to sidewalk,42.00830071,-91.64211206,,,,,,,,,,,,
cr_transit,R03,S03,63,,Lindale Ave & 29th St,"grass, no sidewalk",42.00648625,-91.6420726,,,,,,,,,,,,
cr_transit,R03,S03,64,,Lindale Ave & 27th St,"grass, no sidewalk",42.00496022,-91.64200914,,,,,,,,,,,,
cr_transit,R03,S03,65,,Franklin Ave & 25th St,grass to sidewalk,42.00375091,-91.64294316,,,,,,,,,,,,
cr_transit,R03,S03,66,,Franklin Ave & Prairie Dr,grass to sidewalk,42.00165753,-91.64615371,,,,,,,00:37:00,00:37:00,,,,
cr_transit,R03,S03,67,,20th St across from F Ave,"grass, no sidewalk",41.99992706,-91.64587405,,,,,,,,,,,,
cr_transit,R03,S03,68,,20th St across from D Ave,"grass, no sidewalk",41.99818797,-91.64442292,,,,,,,,,,,,
cr_transit,R03,S03,69,,20th St & B Ave,corner sidewalk,41.99628581,-91.64301242,,,,,,,,,,,,
cr_transit,R03,S03,70,,B Ave & 19th St,corner sidewalk,41.99459714,-91.64592792,,,,,,,,,,,,
cr_transit,R03,S03,71,,19th St & 1st Ave,grass to sidewalk,41.99295692,-91.64467828,,,,,,,00:40:00,00:40:00,,,,
cr_transit,R03,S03,72,,2nd Ave & 18th St,corner sidewalk,41.99088546,-91.64533784,,,,,,,,,,,,
cr_transit,R03,S03,73,,2nd Ave & 16th St,corner sidewalk,41.98900011,-91.64859618,,,,,,,,,,,,
cr_transit,R03,S03,74,,2nd Ave & 15th St,corner sidewalk,41.98747806,-91.65133002,,,,,,,,,,,,
cr_transit,R03,S03,75,,2nd Ave & 14th St (far-side),concrete pad,41.98623397,-91.65330092,,,,,,,,,,,,
cr_transit,R03,S03,76,,13th St & 3rd Ave,corner sidewalk,41.98450276,-91.65413257,,,,,,,,,,,,
cr_transit,R03,S03,77,,3rd Ave & 12th St,corner sidewalk,41.98341901,-91.65605477,,,,,,,,,,,,
cr_transit,R03,S03,78,,10th St & 4th Ave,corner sidewalk,41.98140996,-91.65719444,,,,,,,,,,,,
cr_transit,R03,S03,79,,4th Ave & 8th St,corner sidewalk,41.98011589,-91.65929985,,,,,,,,,,,,
cr_transit,R03,S03,80,,4th Ave & 6th St,corner sidewalk,41.97931999,-91.66247899,,,,,,,,,,,,
cr_transit,R03,S03,81,,4th Ave & RR tracks,concrete pad,41.97752361,-91.66399748,,,,,,,,,,,,
cr_transit,R03,S03,82,,Ground Transportation Center,concrete pad,41.97543347,-91.66660236,,,,,,,00:50:00,00:50:00,,,,
cr_transit,R07,S07,1,,Ground Transportation Center,concrete pad,41.9754687,-91.66665906,,,,,,,00:00:00,00:00:00,,,,
cr_transit,R07,S07,2,,2nd St & 7th Ave,concrete pad,41.97348535,-91.6634884,,,,,,,,,,,,
cr_transit,R07,S07,3,,2nd St & 9th Ave (RR tracks),gravel to sidewalk,41.9719974,-91.66196505,,,,,,,,,,,,
cr_transit,R07,S07,4,,2nd St & 11th Ave,grass to sidewalk,41.97037361,-91.6602066,,,,,,,,,,,,
cr_transit,R07,S07,5,,C St & 16th Ave,grass to sidewalk,41.96416826,-91.66183676,,,,,,,,,,,,
cr_transit,R07,S07,6,,C St & 18th Ave,corner sidewalk,41.96331607,-91.66042509,,,,,,,,,,,,
cr_transit,R07,S07,7,,C St & Bowling St,grass to sidewalk,41.96191335,-91.65769998,,,,,,,,,,,,
cr_transit,R07,S07,8,,C St & Rapids Ave,grass to sidewalk,41.96101041,-91.65582772,,,,,,,,,,,,
cr_transit,R07,S07,9,,C St & Lauren Dr,concrete pad,41.95853954,-91.6518361,,,,,,,,,,,,
cr_transit,R07,S07,10,,C St  across from Hawthorne Hills shelter,concrete pad,41.95737725,-91.65013092,,,,,,,00:07:00,00:07:00,,,,
cr_transit,R07,S07,11,,Fruitland Blvd & Wilson Ave Dr,"grass, no sidewalk",41.95591722,-91.64920518,,,,,,,,,,,,
cr_transit,R07,S07,12,,Wilson Ave Dr & Lauren Dr,corner sidewalk,41.95591416,-91.65196458,,,,,,,,,,,,
cr_transit,R07,S07,13,,2300 Bowling St (Hy-Vee gas station),concrete pad,41.95598271,-91.65735225,,,,,,,,,,,,
cr_transit,R07,S07,14,,Bowling St & 25th Ave,concrete pad,41.95349612,-91.65772295,,,,,,,,,,,,
cr_transit,R07,S07,15,,Bowling St & 27th Ave,concrete pad,41.95194543,-91.65773623,,,,,,,,,,,,
cr_transit,R07,S07,16,,Bowling St & 29th Ave,concrete pad,41.9487326,-91.65743412,,,,,,,,,,,,
cr_transit,R07,S07,17,,Bowling St & 33rd Ave,concrete pad,41.94511806,-91.65735734,,,,,,,,,,,,
cr_transit,R07,S07,18,,Bowling St & 41st Ave (ASAC),concrete pad,41.93780045,-91.65729731,,,,,,,,,,,,
cr_transit,R07,S07,19,,Bowling St & 43rd Ave,concrete pad,41.93603018,-91.65718787,,,,,,,,,,,,
cr_transit,R07,S07,20,,4420 Bowling St  (RR Tracks at Prairie Oaks),concrete pad,41.93394996,-91.65709492,,,,,,,,,,,,
cr_transit,R07,S07,21,,4700 Bowling St (Color Web Printers),concrete pad,41.93266827,-91.65711291,,,,,,,,,,,,
cr_transit,R07,S07,22,,Bowling St & 50th Ave,concrete pad,41.92976132,-91.65712923,,,,,,,,,,,,
cr_transit,R07,S07,23,,50th Ave (RR Tracks),"grass, no sidewalk",41.93048659,-91.66326243,,,,,,,,,,,,
cr_transit,R07,S07,24,,50th Ave & J St.,"grass, no sidewalk",41.93058847,-91.66621751,,,,,,,,,,,,
cr_transit,R07,S07,25,,J St & Miller Ave,"grass, no sidewalk",41.92417741,-91.66673744,,,,,,,,,,,,
cr_transit,R07,S07,26,,Miller Ave & Wyoming Dr,"grass, no sidewalk",41.92418116,-91.66401916,,,,,,,,,,,,
cr_transit,R07,S07,27,,Miller Ave & Vermont St,"grass, no sidewalk",41.92448061,-91.66250458,,,,,,,,,,,,
cr_transit,R07,S07,28,,71 Miller Ave  (Kirkwood Villages),grass to sidewalk,41.92451698,-91.66039641,,,,,,,,,,,,
cr_transit,R07,S07,29,,Miller Ave & Kirkwood Blvd,corner sidewalk,41.92434436,-91.65696673,,,,,,,00:14:00,00:14:00,,,,
cr_transit,R07,S07,30,,Kirkwood Blvd & Four Oaks Ave,corner sidewalk,41.9232476,-91.65694728,,,,,,,,,,,,
cr_transit,R07,S07,31,,Kirkwood Blvd & Kirkwood Ct  (Four Oaks),corner sidewalk,41.92139775,-91.65690071,,,,,,,,,,,,
cr_transit,R07,S07,32,,Kirkwood Blvd & Devonwood Ave,corner sidewalk,41.91928333,-91.65687201,,,,,,,,,,,,
cr_transit,R07,S07,33,,Kirkwood Community College Main Entrance Sign,concrete pad,41.91450599,-91.65496547,,,,,,,,,,,,
cr_transit,R07,S07,34,,Kirkwood Community College Linn Hall,concrete pad,41.91219582,-91.65199776,,,,,,,00:20:00,00:20:00,,,,
cr_transit,R07,S07,35,,Kirkwood Community College East Campus,concrete pad,41.91131885,-91.64854268,,,,,,,,,,,,
cr_transit,R07,S07,36,,Kirkwood Pkwy across from 610-774,grass to sidewalk,41.91003637,-91.64644724,,,,,,,,,,,,
cr_transit,R07,S07,37,,6400 C St  (Transamerica parking lot),"grass, no sidewalk",41.91454648,-91.64000617,,,,,,,00:25:00,00:25:00,,,,
cr_transit,R07,S07,38,,6300 C St  (Hibu parking lot),concrete pad,41.91617415,-91.64032638,,,,,,,,,,,,
cr_transit,R07,S07,39,,Hibu driveway & C St,corner sidewalk,41.91813362,-91.63744939,,,,,,,,,,,,
cr_transit,R07,S07,40,,C St across from Prairie Rose Dr,grass to sidewalk,41.91602423,-91.6374306,,,,,,,,,,,,
cr_transit,R07,S07,41,,610-774 Kirkwood Pkwy,grass to sidewalk,41.90997866,-91.64579046,,,,,,,,,,,,
cr_transit,R07,S07,42,,Kirkwood Community College Washington Hall,concrete pad,41.90686297,-91.64912636,,,,,,,,,,,,
cr_transit,R07,S07,43,,Kirkwood Community College & 76th Ave Dr,"grass, no sidewalk",41.90510307,-91.64923469,,,,,,,,,,,,
cr_transit,R07,S07,44,,76th Ave Dr across from Hotel Driveway,"grass, no sidewalk",41.90513694,-91.65422515,,,,,,,00:30:00,00:30:00,,,,
cr_transit,R07,S07,45,,76th Ave Dr & Kirkwood Blvd,corner sidewalk,41.90518392,-91.65637663,,,,,,,,,,,,
cr_transit,R07,S07,46,,Kirkwood Blvd across from Rolling Ridge Dr,grass to sidewalk,41.90853014,-91.65629488,,,,,,,,,,,,
cr_transit,R07,S07,47,,Kirkwood Blvd & 66th Ave,"grass, no sidewalk",41.91456121,-91.65648559,,,,,,,,,,,,
cr_transit,R07,S07,48,,Kirkwood Blvd & Kirkwood North Rd,"grass, no sidewalk",41.91894387,-91.65640546,,,,,,,,,,,,
cr_transit,R07,S07,49,,Kirkwood Blvd & Kirkwood Ct,corner sidewalk,41.92121947,-91.65641875,,,,,,,,,,,,
cr_transit,R07,S07,50,,Kirkwood Blvd & Miller Ave,corner sidewalk,41.92287588,-91.65645014,,,,,,,,,,,,
cr_transit,R07,S07,51,,Bowling St & 50th Ave Dr,"grass, no sidewalk",41.92944227,-91.65659337,,,,,,,,,,,,
cr_transit,R07,S07,52,,4805 Bowling St. (Apache Hose),"grass, no sidewalk",41.93381589,-91.65668899,,,,,,,,,,,,
cr_transit,R07,S07,53,,Bowling St & 41st Ave Dr,grass to sidewalk,41.93754677,-91.65681934,,,,,,,,,,,,
cr_transit,R07,S07,54,,3939 Bowling St (RR Tracks),,41.93900032,-91.65697461,,,,,,,,,,,,
cr_transit,R07,S07,55,,Bowling St & 33rd Ave Dr,,41.94482658,-91.6569349,,,,,,,,,,,,
cr_transit,R07,S07,56,,Bowling St & 29th Ave Dr,,41.94845402,-91.65704444,,,,,,,,,,,,
cr_transit,R07,S07,57,,Bowling St & 26th Ave Dr,,41.95249034,-91.65742562,,,,,,,,,,,,
cr_transit,R07,S07,58,,Bowling St & Wilson Ave Dr  (Dairy Queen),,41.95567529,-91.65738702,,,,,,,,,,,,
cr_transit,R07,S07,59,,Wilson Ave Dr & Lauren Dr,,41.95569753,-91.65225459,,,,,,,,,,,,
cr_transit,R07,S07,60,,Wilson Ave Dr & Deborah Dr,corner sidewalk,41.95572793,-91.65109999,,,,,,,,,,,,
cr_transit,R07,S07,61,,Wilson Ave Dr & Fruitland Blvd,"grass, no sidewalk",41.95565811,-91.64925147,,,,,,,,,,,,
cr_transit,R07,S07,62,,2247 C St  (Hawthorne Hills),concrete pad,41.95750859,-91.65008013,,,,,,,00:38:00,00:38:00,,,,
cr_transit,R07,S07,63,,C St across from Lauren Dr (Schorg Manor),concrete pad,41.95863513,-91.65163242,,,,,,,,,,,,
cr_transit,R07,S07,64,,C St across from Rapids Ave,grass to sidewalk,41.96097413,-91.65545236,,,,,,,,,,,,
cr_transit,R07,S07,65,,C St & 21st Ave,corner sidewalk,41.96200577,-91.65733805,,,,,,,,,,,,
cr_transit,R07,S07,66,,C St & 18th Ave,corner sidewalk,41.9633998,-91.6598629,,,,,,,,,,,,
cr_transit,R07,S07,67,,C St & 16th Ave,concrete pad,41.96414586,-91.66144267,,,,,,,,,,,,
cr_transit,R07,S07,68,,C St & 12th Ave,grass to sidewalk,41.96481448,-91.66261501,,,,,,,,,,,,
cr_transit,R07,S07,69,,2nd St & 11th Ave,corner sidewalk,41.9703492,-91.65994148,,,,,,,,,,,,
cr_transit,R07,S07,70,,2nd St & 9th Ave (RR tracks),concrete pad,41.97199053,-91.66164804,,,,,,,,,,,,
cr_transit,R07,S07,71,,7th Ave & 1st St,grass to sidewalk,41.97317487,-91.66459051,,,,,,,,,,,,
cr_transit,R07,S07,72,,Ground Transportation Center,concrete pad,41.9754687,-91.66665906,,,,,,,00:50:00,00:50:00,,,,
cr_transit,R07,S07x,1,,Ground Transportation Center,concrete pad,41.9754687,-91.66665906,,,,,,,00:00:00,00:00:00,,,,
cr_transit,R07,S07x,2,,2nd St & 7th Ave,concrete pad,41.97348535,-91.6634884,,,,,,,,,,,,
cr_transit,R07,S07x,3,,2nd St & 9th Ave (RR tracks),gravel to sidewalk,41.9719974,-91.66196505,,,,,,,,,,,,
cr_transit,R07,S07x,4,,2nd St & 11th Ave,grass to sidewalk,41.97037361,-91.6602066,,,,,,,,,,,,
cr_transit,R07,S07x,5,,C St & 16th Ave,grass to sidewalk,41.96416826,-91.66183676,,,,,,,,,,,,
cr_transit,R07,S07x,6,,C St & 18th Ave,corner sidewalk,41.96331607,-91.66042509,,,,,,,,,,,,
cr_transit,R07,S07x,7,,C St & Bowling St,grass to sidewalk,41.96191335,-91.65769998,,,,,,,,,,,,
cr_transit,R07,S07x,8,,C St & Rapids Ave,grass to sidewalk,41.96101041,-91.65582772,,,,,,,,,,,,
cr_transit,R07,S07x,9,,C St & Lauren Dr,concrete pad,41.95853954,-91.6518361,,,,,,,,,,,,
cr_transit,R07,S07x,10,,C St  across from Hawthorne Hills shelter,concrete pad,41.95737725,-91.65013092,,,,,,,00:07:00,00:07:00,,,,
cr_transit,R07,S07x,11,,Fruitland Blvd & Wilson Ave Dr,"grass, no sidewalk",41.95591722,-91.64920518,,,,,,,,,,,,
cr_transit,R07,S07x,12,,Wilson Ave Dr & Lauren Dr,corner sidewalk,41.95591416,-91.65196458,,,,,,,,,,,,
cr_transit,R07,S07x,13,,2300 Bowling St (Hy-Vee gas station),concrete pad,41.95598271,-91.65735225,,,,,,,,,,,,
cr_transit,R07,S07x,14,,Bowling St & 25th Ave,concrete pad,41.95349612,-91.65772295,,,,,,,,,,,,
cr_transit,R07,S07x,15,,Bowling St & 27th Ave,concrete pad,41.95194543,-91.65773623,,,,,,,,,,,,
cr_transit,R07,S07x,16,,Bowling St & 29th Ave,concrete pad,41.9487326,-91.65743412,,,,,,,,,,,,
cr_transit,R07,S07x,17,,Bowling St & 33rd Ave,concrete pad,41.94511806,-91.65735734,,,,,,,,,,,,
cr_transit,R07,S07x,18,,Bowling St & 41st Ave (ASAC),concrete pad,41.93780045,-91.65729731,,,,,,,,,,,,
cr_transit,R07,S07x,19,,Bowling St & 43rd Ave,concrete pad,41.93603018,-91.65718787,,,,,,,,,,,,
cr_transit,R07,S07x,20,,4420 Bowling St  (RR Tracks at Prairie Oaks),concrete pad,41.93394996,-91.65709492,,,,,,,,,,,,
cr_transit,R07,S07x,21,,4700 Bowling St (Color Web Printers),concrete pad,41.93266827,-91.65711291,,,,,,,,,,,,
cr_transit,R07,S07x,22,,Bowling St & 50th Ave,concrete pad,41.92976132,-91.65712923,,,,,,,,,,,,
cr_transit,R07,S07x,23,,50th Ave (RR Tracks),"grass, no sidewalk",41.93048659,-91.66326243,,,,,,,,,,,,
cr_transit,R07,S07x,24,,50th Ave & J St.,"grass, no sidewalk",41.93058847,-91.66621751,,,,,,,,,,,,
cr_transit,R07,S07x,25,,J St & Miller Ave,"grass, no sidewalk",41.92417741,-91.66673744,,,,,,,,,,,,
cr_transit,R07,S07x,26,,Miller Ave & Wyoming Dr,"grass, no sidewalk",41.92418116,-91.66401916,,,,,,,,,,,,
cr_transit,R07,S07x,27,,Miller Ave & Vermont St,"grass, no sidewalk",41.92448061,-91.66250458,,,,,,,,,,,,
cr_transit,R07,S07x,28,,71 Miller Ave  (Kirkwood Villages),grass to sidewalk,41.92451698,-91.66039641,,,,,,,,,,,,
cr_transit,R07,S07x,29,,Miller Ave & Kirkwood Blvd,corner sidewalk,41.92434436,-91.65696673,,,,,,,00:14:00,00:14:00,,,,
cr_transit,R07,S07x,30,,Kirkwood Blvd & Four Oaks Ave,corner sidewalk,41.9232476,-91.65694728,,,,,,,,,,,,
cr_transit,R07,S07x,31,,Kirkwood Blvd & Kirkwood Ct  (Four Oaks),corner sidewalk,41.92139775,-91.65690071,,,,,,,,,,,,
cr_transit,R07,S07x,32,,Kirkwood Blvd & Devonwood Ave,corner sidewalk,41.91928333,-91.65687201,,,,,,,,,,,,
cr_transit,R07,S07x,33,,Kirkwood Community College Main Entrance Sign,concrete pad,41.91450599,-91.65496547,,,,,,,,,,,,
cr_transit,R07,S07x,34,,Kirkwood Community College Linn Hall,concrete pad,41.91219582,-91.65199776,,,,,,,00:20:00,00:20:00,,,,
cr_transit,R07,S07x,35,,Kirkwood Community College East Campus,concrete pad,41.91131885,-91.64854268,,,,,,,,,,,,
cr_transit,R07,S07x,36,,Kirkwood Pkwy across from 610-774,grass to sidewalk,41.91003637,-91.64644724,,,,,,,,,,,,
cr_transit,R07,S07x,37,,6400 C St  (Transamerica parking lot),"grass, no sidewalk",41.91454648,-91.64000617,,,,,,,00:25:00,00:25:00,,,,
cr_transit,R07,S07x,38,,6300 C St  (Hibu parking lot),concrete pad,41.91617415,-91.64032638,,,,,,,,,,,,
cr_transit,R07,S07x,39,,Hibu driveway & C St,corner sidewalk,41.91813362,-91.63744939,,,,,,,,,,,,
cr_transit,R07,S07x,54,,C St & Bethpage Dr,grass to sidewalk,41.92003182,-91.63700724,,,,,,,,,,,,
cr_transit,R07,S07x,55,,C St & Ely Rd,corner sidewalk,41.92284486,-91.63702951,,,,,,,,,,,,
cr_transit,R07,S07x,56,,5005 C St,"grass, no sidewalk",41.93069087,-91.63732439,,,,,,,,,,,,
cr_transit,R07,S07x,57,,4601 C St  (RR Tracks),"grass, no sidewalk",41.93321162,-91.63739359,,,,,,,,,,,,
cr_transit,R07,S07x,58,,4333 C St  (Profol),"grass, no sidewalk",41.93483846,-91.63743652,,,,,,,00:36:00,00:36:00,,,,
cr_transit,R07,S07x,59,,1000 41st Ave Dr  (Du Pont),"grass, no sidewalk",41.93786678,-91.64033688,,,,,,,,,,,,
cr_transit,R07,S07x,60,,across from 725 41st Ave,"grass, no sidewalk",41.93792567,-91.64392512,,,,,,,,,,,,
cr_transit,R07,S07x,61,,700 41st Ave Dr,"grass, no sidewalk",41.93777782,-91.64711735,,,,,,,,,,,,
cr_transit,R07,S07x,62,,400 41st Ave Dr  (K's Acres),"grass, no sidewalk",41.93769492,-91.6521036,,,,,,,,,,,,
cr_transit,R07,S07x,63,,41st Ave Dr & Bowling St  (Casey's),corner sidewalk,41.93781578,-91.65688667,,,,,,,,,,,,
cr_transit,R07,S07x,54,,3939 Bowling St (RR Tracks),,41.93900032,-91.65697461,,,,,,,,,,,,
cr_transit,R07,S07x,55,,Bowling St & 33rd Ave Dr,,41.94482658,-91.6569349,,,,,,,,,,,,
cr_transit,R07,S07x,56,,Bowling St & 29th Ave Dr,,41.94845402,-91.65704444,,,,,,,,,,,,
cr_transit,R07,S07x,57,,Bowling St & 26th Ave Dr,,41.95249034,-91.65742562,,,,,,,,,,,,
cr_transit,R07,S07x,58,,Bowling St & Wilson Ave Dr  (Dairy Queen),,41.95567529,-91.65738702,,,,,,,,,,,,
cr_transit,R07,S07x,59,,Wilson Ave Dr & Lauren Dr,,41.95569753,-91.65225459,,,,,,,,,,,,
cr_transit,R07,S07x,60,,Wilson Ave Dr & Deborah Dr,corner sidewalk,41.95572793,-91.65109999,,,,,,,,,,,,
cr_transit,R07,S07x,61,,Wilson Ave Dr & Fruitland Blvd,"grass, no sidewalk",41.95565811,-91.64925147,,,,,,,,,,,,
cr_transit,R07,S07x,62,,2247 C St  (Hawthorne Hills),concrete pad,41.95750859,-91.65008013,,,,,,,00:38:00,00:38:00,,,,
cr_transit,R07,S07x,63,,C St across from Lauren Dr (Schorg Manor),concrete pad,41.95863513,-91.65163242,,,,,,,,,,,,
cr_transit,R07,S07x,64,,C St across from Rapids Ave,grass to sidewalk,41.96097413,-91.65545236,,,,,,,,,,,,
cr_transit,R07,S07x,65,,C St & 21st Ave,corner sidewalk,41.96200577,-91.65733805,,,,,,,,,,,,
cr_transit,R07,S07x,66,,C St & 18th Ave,corner sidewalk,41.9633998,-91.6598629,,,,,,,,,,,,
cr_transit,R07,S07x,67,,C St & 16th Ave,concrete pad,41.96414586,-91.66144267,,,,,,,,,,,,
cr_transit,R07,S07x,68,,C St & 12th Ave,grass to sidewalk,41.96481448,-91.66261501,,,,,,,,,,,,
cr_transit,R07,S07x,69,,2nd St & 11th Ave,corner sidewalk,41.9703492,-91.65994148,,,,,,,,,,,,
cr_transit,R07,S07x,70,,2nd St & 9th Ave (RR tracks),concrete pad,41.97199053,-91.66164804,,,,,,,,,,,,
cr_transit,R07,S07x,71,,7th Ave & 1st St,grass to sidewalk,41.97317487,-91.66459051,,,,,,,,,,,,
cr_transit,R07,S07x,72,,Ground Transportation Center,concrete pad,41.9754687,-91.66665906,,,,,,,00:50:00,00:50:00,,,,
